﻿<?xml version="1.0" encoding="utf-8"?>
<Imple>
  <Implement Name="新建功能开启">
    <Clsuses RegKey="HKEY_CLASSES_ROOT" RegPath="Directory\Background\shellex\ContextMenuHandlers\New" KeyValuesClass="String" KeyName="" DelOrIns="true">{D969A300-E7FF-11d0-A93B-00A0C90F2719}</Clsuses>
  </Implement>
  <Implement Name="新建功能关闭">
    <Clsuses RegKey="HKEY_CLASSES_ROOT" RegPath="Directory\Background\shellex\ContextMenuHandlers\New" KeyValuesClass="String" KeyName="" DelOrIns="true">{}</Clsuses>
  </Implement>
  <Implement Name="禁用文档浏览历史记录">
    <Clsuses RegKey="HKEY_CURRENT_USER" RegPath="Software\Microsoft\Windows\CurrentVersion\Policies\Explorer" KeyValuesClass="DWord" KeyName="NoRecentDocsHistory" DelOrIns="true">00000001</Clsuses>
  </Implement>
  <Implement Name="开启文档浏览记录">
    <Clsuses RegKey="HKEY_CURRENT_USER" RegPath="Software\Microsoft\Windows\CurrentVersion\Policies\Explorer" KeyValuesClass="DWord" KeyName="NoRecentDocsHistory" DelOrIns="true">00000000</Clsuses>
  </Implement>
  <Implement Name="退出系统自动清理历史记录">
    <Clsuses RegKey="HKEY_CURRENT_USER" RegPath="Software\Microsoft\Windows\CurrentVersion\Policies\Explorer" KeyValuesClass="DWord" KeyName="ClearRecentDocsOnExit" DelOrIns="true">00000001</Clsuses>
  </Implement>
  <Implement Name="退出系统自动清理历史纪录关闭">
    <Clsuses RegKey="HKEY_CURRENT_USER" RegPath="Software\Microsoft\Windows\CurrentVersion\Policies\Explorer" KeyValuesClass="DWord" KeyName="ClearRecentDocsOnExit" DelOrIns="true">00000001</Clsuses>
  </Implement>
</Imple>