﻿<?xml version="1.0" encoding="UTF-8"?>
<Imple>
    <Implement Name="新建功能开启">
        <Clsuses RegKey="HKEY_CLASSES_ROOT"
             RegPath="Directory\Background\shellex\ContextMenuHandlers\New"
             KeyValuesClass="String"
             KeyName=""
             DelOrIns="true"
             >{D969A300-E7FF-11d0-A93B-00A0C90F2719}</Clsuses>
    </Implement>
    <Implement Name="新建功能关闭">
        <Clsuses RegKey="HKEY_CLASSES_ROOT"
             RegPath="Directory\Background\shellex\ContextMenuHandlers\New"
             KeyValuesClass="String"
             KeyName=""
             DelOrIns="true"
             >{}</Clsuses>
    </Implement>
</Imple>